<?xml version="1.0" encoding="UTF-8"?>
<project-private xmlns="http://www.netbeans.org/ns/project-private/1">
    <editor-bookmarks xmlns="http://www.netbeans.org/ns/editor-bookmarks/2" lastBookmarkId="0"/>
    <open-files xmlns="http://www.netbeans.org/ns/projectui-open-files/2">
        <group>
            <file>file:/home/oussama/Documents/ssh_work/api/vendor/ssh/commonBundle/EventListener/ParameterValidatorListener.php</file>
            <file>file:/home/oussama/Documents/ssh_work/api/src/Controller/Back/CountryController.php</file>
            <file>file:/home/oussama/Documents/ssh_work/api/.env</file>
            <file>file:/home/oussama/Documents/ssh_work/api/src/ApiModel/Back/Brand/Brand.php</file>
        </group>
    </open-files>
</project-private>
